timestamp          , name            , income, expenses, credit_score, emis , loan_requested, tenure_years, dti                , emi_ratio             , risk_score        , decision
2025-01-01 00:00:00, Rohan Verma     , 151932,    59514,          624, 35538,         865909,           11, 0.6256219887844562 , 0.2339072743069268    , 36.55319485032778 , Rejected
2025-01-01 00:10:00, Kabir Patel     , 195203,    72504,          891, 38116,         882925,           12, 0.5666921102646988 , 0.19526339246835345   , 79.09396884269196 , Approved
2025-01-01 00:20:00, Kriti Gupta     , 287455,   228844,          721, 53249,        3965799,           16, 0.9813466455619141 , 0.18524290758553513   , 46.85474248143188 , Rejected
2025-01-01 00:30:00, Vihaan Mehta    ,  51551,    27496,          685, 13299,        1101557,            9, 0.791352253108572  , 0.25797753680820934   , 51.099881670578654, Borderline
2025-01-01 00:40:00, Rohan Gupta     , 161699,   124686,          708, 27324,        1493150,           15, 0.940080025232067  , 0.16898063686231826   , 48.417986505791625, Rejected
2025-01-01 00:50:00, Rohan Reddy     , 126530,    95487,          717,  9823,        2642971,            2, 0.8322927369003399 , 0.07763376274401328   , 53.47854263810954 , Borderline
2025-01-01 01:00:00, Kriti Agarwal   , 191829,    60552,          545, 48472,        5375008,           16, 0.5683395107100595 , 0.25268337946817215   , 37.896147089334775, Rejected
2025-01-01 01:10:00, Kabir Mehta     , 283160,   221030,          636, 71741,        6562981,           15, 1.0339419409521118 , 0.2533585252154259    , 23.914571267128128, Rejected
2025-01-01 01:20:00, Ananya Reddy    , 294329,   230350,          643, 53600,        2196344,            7, 0.9647367401785077 , 0.18210913637460122   , 27.415715067152746, Rejected
2025-01-01 01:30:00, Meera Reddy     , 153767,    46554,          636, 37617,        3395966,            3, 0.5473931337673232 , 0.24463636541000344   , 38.685478678780235, Rejected
2025-01-01 01:40:00, Vihaan Sharma   ,  32666,    11009,          599,  3512,         154055,            5, 0.4445294801934733 , 0.10751239821220841   , 44.51386762995163 , Rejected
2025-01-01 01:50:00, Vihaan Reddy    , 293109,   217957,          807, 41523,        1825789,           14, 0.885267937866118  , 0.14166402259910135   , 70.60868141203443 , Approved
2025-01-01 02:00:00, Vihaan Sharma   , 234020,   135881,          900, 54126,        3403495,           10, 0.8119263310828134 , 0.2312879241090505    , 71.01645158533458 , Approved
2025-01-01 02:10:00, Vihaan Mehta    , 142096,    64963,          646, 21679,        3908250,            7, 0.6097427091543746 , 0.1525658709604774    , 38.65640130615922 , Rejected
2025-01-01 02:20:00, Isha Mehta      ,  63585,    38925,          711,  5639,         565772,           20, 0.7008571203900291 , 0.0886844381536526    , 57.20059762522607 , Borderline
2025-01-01 02:30:00, Arjun Mehta     ,  64262,    48415,          643,  5246,        1316576,           20, 0.8350347016899567 , 0.08163455852603405   , 33.31626777878062 , Rejected
2025-01-01 02:40:00, Meera Singh     ,  41959,    23792,          632,  6102,         402445,            9, 0.7124573988893921 , 0.14542767940132034   , 35.71772444529183 , Rejected
2025-01-01 02:50:00, Isha Sharma     ,  59353,    46367,          793,  4483,         974915,           17, 0.8567384967903897 , 0.075531144171314     , 72.78722221286203 , Approved
2025-01-01 03:00:00, Ananya Sharma   , 276951,    88193,          667, 50645,        2914481,            1, 0.5013088957974515 , 0.18286628320533235   , 61.303407461969805, Borderline
2025-01-01 03:10:00, Shivansh Singh  , 197789,    73666,          720, 29042,        5857039,            4, 0.5192806475587621 , 0.14683324148461238   , 61.48491574354489 , Borderline
2025-01-01 03:20:00, Rohan Reddy     , 188229,    91082,          766, 35705,        1023556,            1, 0.6735784602797656 , 0.18968915523112803   , 75.99886308698447 , Approved
2025-01-01 03:30:00, Meera Agarwal   ,  71663,    22959,          895, 12703,        1526008,           19, 0.49763476270878976, 0.17726023191884235   , 81.52575248035946 , Approved
2025-01-01 03:40:00, Arjun Singh     , 246814,   101995,          762, 47771,        3317637,           18, 0.6067970212386655 , 0.1935506089605938    , 77.92507718362816 , Approved
2025-01-01 03:50:00, Kabir Sharma    , 152874,    71932,          646,  5204,        4275385,           10, 0.5045723929510577 , 0.03404110574721666   , 44.18200609652394 , Rejected
2025-01-01 04:00:00, Vihaan Mehta    , 140975,    99896,          591, 23480,         777304,           12, 0.8751622628125554 , 0.1665543536087959    , 30.414045043447423, Rejected
2025-01-01 04:10:00, Ananya Patel    , 212506,    83802,          734, 17778,        4655934,           16, 0.47801003265790143, 0.08365881433935983   , 63.98652273347576 , Borderline
2025-01-01 04:20:00, Vihaan Verma    ,  26295,    13206,          772,  7003,         491152,           16, 0.7685491538315269 , 0.2663243962730557    , 71.61703745959308 , Approved
2025-01-01 04:30:00, Meera Singh     , 153272,    46369,          808,  7394,        2730665,            3, 0.35076856829688396, 0.048241035544652644  , 88.51212224020043 , Approved
2025-01-01 04:40:00, Meera Verma     , 110272,    34078,          682, 16338,        2546467,            3, 0.4571967498549042 , 0.1481609112013929    , 63.320879280325016, Borderline
2025-01-01 04:50:00, Shivansh Sharma , 276687,    95965,          631, 30522,        2811268,           14, 0.4571483300624894 , 0.11031237463270771   , 44.07930260547116 , Rejected
2025-01-01 05:00:00, Kriti Agarwal   , 154508,    83955,          565, 41999,        3154712,           15, 0.8151940352603101 , 0.2718241126673053    , 30.107696688844594, Rejected
2025-01-01 05:10:00, Shivansh Patel  , 191836,   105432,          652, 32919,        4556288,           17, 0.7211941449988531 , 0.17159969974353093   , 54.93218165516378 , Borderline
2025-01-01 05:20:00, Ananya Agarwal  , 198274,   133608,          768, 56690,        3658531,            1, 0.9597728396057981 , 0.2859174677466536    , 65.488465456893   , Borderline
2025-01-01 05:30:00, Isha Patel      , 288246,   125167,          564, 41963,        3765226,           10, 0.5798172394413106 , 0.1455805110912207    , 39.693872594936266, Rejected
2025-01-01 05:40:00, Kriti Das       ,  56631,    22904,          615, 11402,         621403,           17, 0.605781285868164  , 0.20133848951987426   , 37.799791633557604, Rejected
2025-01-01 05:50:00, Kabir Sharma    , 125864,    81967,          659, 13574,        1375313,            3, 0.7590812305345452 , 0.10784656454585902   , 55.070631793046466, Borderline
2025-01-01 06:00:00, Aarav Iyer      , 292791,   221531,          834, 44914,        6016569,           14, 0.9100177259546912 , 0.15339952389246939   , 69.63147774350989 , Borderline
2025-01-01 06:10:00, Vihaan Mehta    , 144046,    70264,          720,  4061,        2681209,           19, 0.5159810060675062 , 0.028192382988767476  , 63.95672215819946 , Borderline
2025-01-01 06:20:00, Meera Das       , 200798,   158815,          686, 50536,         812938,           15, 1.042595045767388  , 0.25167581350411855   , 43.68863235689599 , Rejected
2025-01-01 06:30:00, Kriti Patel     , 133632,    95404,          767, 10886,        3883586,            7, 0.7953933189655172 , 0.08146252394636015   , 74.50894995210729 , Approved
2025-01-01 06:40:00, Isha Agarwal    , 217484,    86382,          658, 26838,        1431942,           18, 0.5205900204152949 , 0.12340218130988946   , 61.91425576134336 , Borderline
2025-01-01 06:50:00, Arjun Singh     , 106672,    53273,          753, 13873,        2462965,            5, 0.6294622768861557 , 0.1300528723563822    , 78.51507424628768 , Approved
2025-01-01 07:00:00, Arjun Patel     , 288093,   206847,          623, 60151,        2081126,            2, 0.9267771171114884 , 0.20879021704796716   , 28.020882145696007, Rejected
2025-01-01 07:10:00, Kriti Iyer      , 196615,   150864,          693, 37648,        3332781,            5, 0.9587874780662716 , 0.1914808127558935    , 47.40675940289398 , Rejected
2025-01-01 07:20:00, Kriti Mehta     , 236139,   137673,          692, 11238,        1293705,           15, 0.6306073964910498 , 0.04759061400276955   , 60.12996582521312 , Borderline
2025-01-01 07:30:00, Shivansh Verma  , 180196,    96780,          654,  5288,        2932442,            7, 0.5664276676507802 , 0.029345823436702258  , 62.420253501742536, Borderline
2025-01-01 07:40:00, Isha Sharma     ,  79101,    49429,          720,  1140,        1389265,           13, 0.6392965954918396 , 0.01441195433686047   , 60.5328630485076  , Borderline
2025-01-01 07:50:00, Isha Reddy      , 208751,   129678,          780,  1660,        3927846,           20, 0.6291610579110998 , 0.007952057714693582  , 80.96612710837314 , Approved
2025-01-01 08:00:00, Kabir Gupta     ,  31938,    19854,          774,  4390,         428760,            1, 0.7590957480117728 , 0.13745381676999185   , 74.47805122424698 , Approved
2025-01-01 08:10:00, Kabir Das       , 102986,    40977,          725,  2142,         589183,            2, 0.41868797700658344, 0.02079894354572466   , 67.02338181888801 , Borderline
2025-01-01 08:20:00, Vihaan Gupta    , 120386,    56374,          844, 23681,        1468331,           19, 0.6649859618228033 , 0.1967089196418188    , 76.11624275247952 , Approved
2025-01-01 08:30:00, Meera Mehta     ,  23267,    15040,          641,  2431,         658211,            4, 0.7508918210340826 , 0.10448274380023209   , 35.383590492972885, Rejected
2025-01-01 08:40:00, Meera Patel     , 240156,   105912,          779, 12783,        7143113,           16, 0.49424124319192525, 0.053227901863788535  , 84.10820466696647 , Approved
2025-01-01 08:50:00, Isha Gupta      ,  90640,    62379,          768,  9267,        2549743,            5, 0.7904457193292145 , 0.1022396293027361    , 74.24183583406885 , Approved
2025-01-01 09:00:00, Shivansh Mehta  ,  91180,    61086,          770,  6516,        1496004,           13, 0.7414125904803684 , 0.07146304014038166   , 76.32836148278132 , Approved
2025-01-01 09:10:00, Vihaan Sharma   ,  99459,    30376,          539, 27014,         543517,            7, 0.5770216873284469 , 0.2716094068912818    , 37.257161242320954, Rejected
2025-01-01 09:20:00, Isha Singh      ,  25486,     8707,          809,   701,         222840,           16, 0.36914384367888253, 0.027505297025818096  , 88.37557874911717 , Approved
2025-01-01 09:30:00, Meera Mehta     , 104076,    79666,          891, 30418,        3110846,            5, 1.0577270456205081 , 0.2922671893616203    , 62.42284484415235 , Borderline
2025-01-01 09:40:00, Vihaan Mehta    ,  94460,    44911,          753,  3317,        1860095,            6, 0.5105653186533983 , 0.03511539275883972   , 83.98073258522126 , Approved
2025-01-01 09:50:00, Rohan Reddy     ,  59081,    29441,          674, 15808,         411105,            5, 0.7658807400010156 , 0.26756486857026796   , 51.67228042856418 , Borderline
2025-01-01 10:00:00, Kriti Singh     ,  48295,    23526,          662,  5370,        1158257,            7, 0.5983228077440729 , 0.1111916347447976    , 59.82648307278187 , Borderline
2025-01-01 10:10:00, Arjun Das       , 244786,    87045,          702, 36176,         809396,           20, 0.5033825463874568 , 0.14778622960463425   , 61.942799016283615, Borderline
2025-01-01 10:20:00, Kabir Iyer      ,  59298,    35085,          604, 17116,        1568561,            6, 0.880316368174306  , 0.2886437991163277    , 27.81763297244426 , Rejected
2025-01-01 10:30:00, Ananya Agarwal  , 149695,    86524,          652, 14491,         624500,           11, 0.6748054377233709 , 0.09680350045091686   , 57.81976685928054 , Borderline
2025-01-01 10:40:00, Ananya Verma    , 111362,    72129,          682,  2520,        1219562,            1, 0.6703274007291535 , 0.022628903934914964  , 59.4375998994271  , Borderline
2025-01-01 10:50:00, Ananya Agarwal  , 219938,   165080,          675,  2998,        2328265,           16, 0.764206276314234  , 0.013631114223099237  , 56.801189426111   , Borderline
2025-01-01 11:00:00, Kabir Agarwal   ,  86203,    40328,          623,  4388,         792520,            5, 0.5187290465529042 , 0.050903100820157074  , 43.42006658700973 , Rejected
2025-01-01 11:10:00, Meera Verma     ,  40159,    21148,          847,   389,         423822,           20, 0.5362932343932867 , 0.009686496177693668  , 83.71747304464753 , Approved
2025-01-01 11:20:00, Vihaan Agarwal  ,  76178,    50495,          776, 14018,        2009859,           13, 0.8468718002572921 , 0.1840163826826643    , 70.91351833862795 , Approved
2025-01-01 11:30:00, Ananya Mehta    ,  21015,    10260,          709,  5110,         623230,           17, 0.7313823459433738 , 0.24315964787056865   , 53.19533666428742 , Borderline
2025-01-01 11:40:00, Ananya Das      , 155230,    77070,          664, 38613,         620018,            1, 0.7452361012690846 , 0.24874702055015138   , 52.667976550924436, Borderline
2025-01-01 11:50:00, Ananya Mehta    , 294907,   208337,          728, 88447,        8820430,            5, 1.0063647183688418 , 0.29991488842245184   , 43.81076068048571 , Rejected
2025-01-01 12:00:00, Ananya Patel    ,  24809,    17982,          634,  1840,         713491,           13, 0.7989842395904712 , 0.07416663307670604   , 34.547140150751744, Rejected
2025-01-01 12:10:00, Isha Sharma     , 196615,   119751,          708, 21126,        1192677,            2, 0.7165119650077563 , 0.10744856699641431   , 56.35566970983903 , Borderline
2025-01-01 12:20:00, Kriti Agarwal   , 114074,    51776,          753, 27938,        1820762,           15, 0.6987920122026053 , 0.2449111979942844    , 74.13801567403615 , Approved
2025-01-01 12:30:00, Ananya Patel    , 101317,    61664,          827, 29801,        1967411,           18, 0.9027606423403772 , 0.29413622590483335   , 67.03445621169202 , Borderline
2025-01-01 12:40:00, Vihaan Gupta    , 270875,   121617,          797, 42549,        4172115,           17, 0.6060581449007845 , 0.15707983387171204   , 78.67665897554222 , Approved
2025-01-01 12:50:00, Arjun Sharma    , 145911,    47119,          771, 27174,        1806401,           11, 0.5091665467305412 , 0.186236815593067     , 81.00026728622242 , Approved
2025-01-01 13:00:00, Vihaan Iyer     , 175286,    63808,          749,  7987,        1386645,            3, 0.40958775943315495, 0.04556553290051687   , 66.80105655899501 , Borderline
2025-01-01 13:10:00, Vihaan Gupta    ,  48732,    19304,          644,   597,         368474,           10, 0.4083764261676106 , 0.012250677173110071  , 47.50369367150948 , Rejected
2025-01-01 13:20:00, Kriti Patel     ,  59749,    21528,          675,  8259,         991371,           13, 0.49853554034377145, 0.13822825486619023   , 62.27936869236304 , Borderline
2025-01-01 13:30:00, Meera Das       , 194293,    66230,          624, 50919,        5413693,           17, 0.6029501834857663 , 0.2620732604880258    , 36.670029285666494, Rejected
2025-01-01 13:40:00, Arjun Verma     , 230176,    78779,          721, 41243,        6433218,           14, 0.5214357708883637 , 0.17918027943834283   , 60.77332128458224 , Borderline
2025-01-01 13:50:00, Arjun Mehta     ,  87661,    46571,          745, 19657,         349806,           19, 0.7555013061680793 , 0.22423882912583704   , 52.85018423244088 , Borderline
2025-01-01 14:00:00, Rohan Singh     ,  58638,    18484,          626, 15255,         341945,            5, 0.5753777413963641 , 0.2601555305433337    , 37.53555714724241 , Rejected
2025-01-01 14:10:00, Arjun Mehta     , 267736,   192864,          587,  7164,        4673080,           17, 0.7471090925389189 , 0.026757701616517762  , 37.05157319150207 , Rejected
2025-01-01 14:20:00, Isha Iyer       , 128099,    61173,          900, 24934,        2932725,           15, 0.672191039742699  , 0.1946463282305092    , 75.94134224310885 , Approved
2025-01-01 14:30:00, Kabir Reddy     , 101264,    58958,          670, 11506,        1226414,           20, 0.6958445252014537 , 0.1136237952283141    , 56.85218833939011 , Borderline
2025-01-01 14:40:00, Arjun Gupta     ,  95703,    52552,          670,  9484,        1547600,           11, 0.6482137446057072 , 0.09909825188343103   , 58.571622624160156, Borderline
2025-01-01 14:50:00, Kabir Mehta     , 144040,    48990,          619, 22665,        2028186,            4, 0.4974659816717578 , 0.15735212440988613   , 41.928978061649545, Rejected
2025-01-01 15:00:00, Kabir Agarwal   , 142177,    83599,          863, 39129,        3577636,            2, 0.8632057224445585 , 0.27521329047595605   , 68.59956251714414 , Borderline
2025-01-01 15:10:00, Kabir Das       , 157541,   123511,          714, 33601,        1321247,           20, 0.9972768993468367 , 0.21328416094857847   , 45.81600980062333 , Rejected
2025-01-01 15:20:00, Shivansh Sharma , 124537,    85169,          781,  3261,        1451770,            3, 0.7100700996491003 , 0.02618498919999679   , 78.17419722652706 , Approved
2025-01-01 15:30:00, Shivansh Agarwal, 262353,   138295,          720, 43178,        4675364,            2, 0.6917130736069341 , 0.1645797837265059    , 55.957012117261854, Borderline
2025-01-01 15:40:00, Kabir Gupta     ,  28512,    10532,          714,    23,         552127,            3, 0.3701950056116723 , 0.0008066778900112234 , 68.87801627384961 , Borderline
2025-01-01 15:50:00, Shivansh Patel  , 247645,   166661,          638, 30350,        6980946,           11, 0.795537967655313  , 0.12255446304185427   , 33.68277170950352 , Rejected
2025-01-01 16:00:00, Meera Gupta     , 268320,   179924,          710, 46242,        6566385,           14, 0.842896541443053  , 0.17233899821109122   , 51.26632379248659 , Borderline
2025-01-01 16:10:00, Vihaan Patel    ,  35524,    25125,          729,  7089,         608269,            4, 0.9068235559058665 , 0.19955523026686184   , 48.80418871748677 , Rejected
2025-01-01 16:20:00, Meera Das       , 210279,   109254,          570, 23779,        4875413,           15, 0.632649955535265  , 0.11308309436510541   , 38.75883944663994 , Rejected
2025-01-01 16:30:00, Shivansh Iyer   ,  87728,    65777,          691, 10103,        1550673,            8, 0.8649461973372241 , 0.11516277585263542   , 51.74835856283057 , Borderline
2025-01-01 16:40:00, Kabir Singh     ,  31302,    11220,          601,  8825,         211612,           15, 0.6403744169701616 , 0.28193086703725      , 35.150150150150154, Rejected
2025-01-01 16:50:00, Shivansh Verma  ,  45053,    33652,          811, 10658,         319661,            1, 0.9835083124320245 , 0.23656582247575078   , 65.76343417752425 , Borderline
2025-01-01 17:00:00, Ananya Mehta    , 284480,    90113,          758, 48636,        3480956,            6, 0.487728487064117  , 0.17096456692913387   , 81.94885404949382 , Approved
2025-01-01 17:10:00, Isha Reddy      , 252604,   143966,          746, 36856,        3547012,           13, 0.7158318949818688 , 0.14590426121518266   , 55.606957926240284, Borderline
2025-01-01 17:20:00, Aarav Singh     , 150330,    71083,          733,  8189,        2078009,           15, 0.5273198962282978 , 0.054473491651699596  , 63.09093328011708 , Borderline
2025-01-01 17:30:00, Arjun Das       , 226988,    83885,          786,  6863,        2250000,            8, 0.39979205949213176, 0.03023507850635276   , 87.40153664510899 , Approved
2025-01-01 17:40:00, Isha Verma      , 215716,   164213,          740, 45768,        4180857,           19, 0.9734141185632962 , 0.2121678503217193    , 46.554219436666735, Rejected
2025-01-01 17:50:00, Kabir Iyer      , 154869,   116979,          628,  5705,        1451039,           14, 0.7921791966113296 , 0.036837585314039606  , 35.49787239537932 , Rejected
2025-01-01 18:00:00, Isha Agarwal    , 120158,    54758,          593,  8197,        2775017,           10, 0.5239351520498011 , 0.06821851229214868   , 42.917575192662994, Rejected
2025-01-01 18:10:00, Isha Iyer       ,  33224,    11865,          833,  4131,         874289,            6, 0.4814591861305081 , 0.12433782807608958   , 83.06946785456296 , Approved
2025-01-01 18:20:00, Aarav Mehta     , 146161,    78988,          684, 40272,        4040509,            7, 0.8159495351017029 , 0.27553177660251366   , 50.01087841489864 , Borderline
2025-01-01 18:30:00, Isha Agarwal    , 238967,   108906,          726, 55953,        2507923,           18, 0.6898818665338728 , 0.23414530039712597   , 54.620637996041296, Borderline
2025-01-01 18:40:00, Ananya Sharma   , 266726,   210118,          808, 36727,        4653537,            8, 0.9254628345193194 , 0.13769561272616843   , 69.48220270989705 , Borderline
2025-01-01 18:50:00, Shivansh Mehta  , 226592,   103092,          734, 27008,        3290863,           19, 0.5741597232029374 , 0.11919220449089112   , 60.391364214094054, Borderline
2025-01-01 19:00:00, Shivansh Reddy  , 240178,    79944,          831, 55879,        3578794,           18, 0.5655097469376879 , 0.2326566130120161    , 78.38157533162904 , Approved
2025-01-01 19:10:00, Kriti Singh     , 206240,    96351,          507,  4671,        4813156,           10, 0.48982738557020944, 0.022648370830100854  , 44.8522110162917  , Rejected
2025-01-01 19:20:00, Arjun Singh     , 203675,   142648,          817, 59815,        2007215,            8, 0.9940493433165583 , 0.29367865471952864   , 64.30494660611268 , Borderline
2025-01-01 19:30:00, Kriti Iyer      ,  59986,    37573,          546,  4286,         341015,           14, 0.6978128229920315 , 0.07145000500116694   , 37.636615210215716, Rejected
2025-01-01 19:40:00, Kabir Verma     , 141300,    71101,          738, 13733,        3231449,           19, 0.6003821656050955 , 0.09719037508846426   , 60.04472753007786 , Borderline
2025-01-01 19:50:00, Vihaan Verma    , 182491,   118979,          662, 49854,        3625832,           11, 0.9251579529949422 , 0.2731860749297226    , 46.78153991155728 , Rejected
2025-01-01 20:00:00, Arjun Gupta     , 114914,    68390,          617,  9241,        2057566,            2, 0.675557373340063  , 0.08041665941486677   , 38.12494561150078 , Rejected
2025-01-01 20:10:00, Ananya Singh    , 277529,   189220,          860, 11665,        7340263,           14, 0.7238342659686015 , 0.04203164353995438   , 77.44433915014287 , Approved
2025-01-01 20:20:00, Rohan Sharma    , 179601,    55898,          892, 14476,        1789358,           11, 0.3918352347704077 , 0.08060088752289798   , 86.63292520642982 , Approved
2025-01-01 20:30:00, Isha Das        , 258009,   193580,          773, 53502,        5533251,            6, 0.9576487641903965 , 0.20736485936537097   , 67.12323988698068 , Borderline
2025-01-01 20:40:00, Aarav Patel     , 208456,    91101,          802, 34656,        1787171,           10, 0.6032783896841539 , 0.1662509114633304    , 78.57663008020876 , Approved
2025-01-01 20:50:00, Kriti Patel     ,  71226,    53420,          757, 18673,        1362564,           12, 1.0121725212703225 , 0.26216550136186223   , 64.39151433465308 , Borderline
2025-01-01 21:00:00, Meera Patel     , 244137,   184861,          750, 30671,        1041996,           11, 0.882832180292213  , 0.1256302813584176    , 71.00242896406526 , Approved
2025-01-01 21:10:00, Shivansh Singh  ,  41172,    24768,          530,  3030,         556274,            8, 0.6751675896240164 , 0.0735937044593413    , 38.273098222092685, Rejected
2025-01-01 21:20:00, Isha Sharma     ,  31046,    18789,          761,  8841,         206301,            1, 0.8899697223474844 , 0.2847709849900148    , 67.60548862977518 , Borderline
2025-01-01 21:30:00, Arjun Verma     , 225550,    97241,          710, 40265,         989825,           13, 0.609647528264243  , 0.17851917534914652   , 58.14019064508978 , Borderline
2025-01-01 21:40:00, Aarav Iyer      , 183993,    98826,          636, 19009,        4053915,            8, 0.6404319729554929 , 0.10331371302169104   , 38.720766550901395, Rejected
2025-01-01 21:50:00, Arjun Iyer      , 295494,    99867,          577,  6893,         905146,           19, 0.3612932919111725 , 0.023327038789281676  , 48.69466046687919 , Rejected
2025-01-01 22:00:00, Kriti Gupta     ,  71474,    32684,          737, 17313,         381745,           16, 0.6995131096622548 , 0.24222794302823406   , 54.17004784956767 , Borderline
2025-01-01 22:10:00, Kabir Singh     , 222503,   137834,          875, 50666,        5017618,           16, 0.8471795885898168 , 0.2277092893129531    , 70.03042655604644 , Approved
2025-01-01 22:20:00, Kriti Reddy     , 166968,   125506,          697, 32391,        3520983,           10, 0.9456722246178908 , 0.1939952565761104    , 47.74992812994107 , Rejected
2025-01-01 22:30:00, Rohan Sharma    , 163254,    94345,          729, 23176,        1868781,           15, 0.7198659757188185 , 0.14196283092604162   , 55.56476410991461 , Borderline
2025-01-01 22:40:00, Ananya Mehta    , 224615,   176441,          810, 63628,        5795703,           18, 1.06880217260646   , 0.28327582752710195   , 62.27041827126416 , Borderline
2025-01-01 22:50:00, Arjun Mehta     , 107312,    67078,          713, 11740,        1946455,           13, 0.7344751751900999 , 0.10940062621142091   , 55.777732220068586, Borderline
2025-01-01 23:00:00, Aarav Singh     , 154055,    80188,          826, 18693,        2701637,           13, 0.6418551815909902 , 0.12133978124695725   , 78.31754892733115 , Approved
2025-01-01 23:10:00, Aarav Sharma    , 274444,   166843,          745, 19180,        1004141,           10, 0.6778176968707642 , 0.06988675285304105   , 58.26773403681626 , Borderline
2025-01-01 23:20:00, Aarav Mehta     , 226604,   127910,          817, 63838,        3138949,           12, 0.8461810029831777 , 0.28171612151594855   , 68.98024748018571 , Borderline
2025-01-01 23:30:00, Meera Reddy     , 125373,    63800,          665, 15848,        2872887,           17, 0.6352882997136544 , 0.12640680210252606   , 58.41321496653984 , Borderline
2025-01-01 23:40:00, Vihaan Reddy    ,  52413,    38073,          592, 11251,        1445506,           15, 0.9410642397878389 , 0.21466048499418083   , 27.474863106481216, Rejected
2025-01-01 23:50:00, Meera Sharma    , 142744,    91330,          770,  9346,        4089465,            5, 0.7052905901473967 , 0.06547385529339236   , 77.53180518971025 , Approved
2025-01-02 00:00:00, Kriti Mehta     , 207710,   160428,          630, 29125,        6181772,            8, 0.9125848538828174 , 0.14021953685426797   , 29.818063646430115, Rejected
2025-01-02 00:10:00, Isha Agarwal    ,  81665,    40182,          750,   899,        2355732,            6, 0.5030429192432498 , 0.01100838792628421   , 84.68854466417682 , Approved
2025-01-02 00:20:00, Ananya Patel    ,  93781,    73576,          690, 24864,        2201268,           17, 1.04967957262132   , 0.26512833089858284   , 43.20704620338874 , Rejected
2025-01-02 00:30:00, Kabir Singh     , 179903,    95652,          626, 33620,        4172406,            9, 0.7185650044746336 , 0.1868784845166562    , 34.70548017542787 , Rejected
2025-01-02 00:40:00, Isha Patel      , 261249,   138126,          705, 30657,        1096767,            2, 0.6460618031073803 , 0.11734781759930181   , 58.27118955479256 , Borderline
2025-01-02 00:50:00, Arjun Iyer      , 101121,    50987,          579, 11305,        1012560,            5, 0.6160144777049278 , 0.11179675833901959   , 39.28363050207177 , Rejected
2025-01-02 01:00:00, Arjun Gupta     , 154092,   115143,          792, 45833,        2839239,            8, 1.0446746099732627 , 0.29743919217091086   , 62.710977857383895, Borderline
2025-01-02 01:10:00, Aarav Reddy     , 269690,   197479,          722, 59378,        4604694,           16, 0.9524157365864511 , 0.22017130779784197   , 47.024101746449624, Rejected
2025-01-02 01:20:00, Kabir Sharma    , 125228,    89977,          800, 26202,        2920736,            7, 0.9277398026000575 , 0.20923435653368255   , 67.98311879132463 , Borderline
2025-01-02 01:30:00, Ananya Das      ,  88344,    27795,          842, 21886,         572423,           11, 0.5623585076519062 , 0.24773612243049895   , 78.17452232183284 , Approved
2025-01-02 01:40:00, Ananya Mehta    , 112241,    79577,          701, 28019,        1206594,           14, 0.9586158355681079 , 0.24963248723728407   , 46.24887518821108 , Rejected
2025-01-02 01:50:00, Shivansh Iyer   , 183038,    89386,          720,   498,        4595048,           16, 0.49106742862137914, 0.002720746511653318  , 65.21356221112555 , Borderline
2025-01-02 02:00:00, Kriti Singh     , 198589,    61406,          691, 25751,        1558214,            5, 0.4388813076252965 , 0.1296698205842217    , 64.24016435955667 , Borderline
2025-01-02 02:10:00, Kriti Verma     , 223667,   144028,          808,  4551,        2488522,           17, 0.6642866404073914 , 0.020347212597298662  , 79.6644565358323  , Approved
2025-01-02 02:20:00, Kriti Sharma    ,  93609,    50248,          881,  1626,        1783128,           12, 0.5541561174673375 , 0.01737012466749992   , 83.02791398262987 , Approved
2025-01-02 02:30:00, Rohan Sharma    ,  27813,    13514,          660,  6831,         273060,            2, 0.7314924675511452 , 0.24560457340092762   , 53.1431345054471  , Borderline
2025-01-02 02:40:00, Aarav Verma     , 165360,    58057,          823, 42375,        1828238,            2, 0.6073536526366715 , 0.2562590711175617    , 76.65420899854863 , Approved
2025-01-02 02:50:00, Isha Agarwal    ,  72930,    56552,          728,  3304,        1070104,           15, 0.8207322089675031 , 0.04530371589195119   , 54.471959413135885, Borderline
2025-01-02 03:00:00, Ananya Verma    ,  68901,    46855,          630,  9142,        1554366,            2, 0.8127167965631849 , 0.13268312506349692   , 32.96483360183452 , Rejected
2025-01-02 03:10:00, Vihaan Sharma   , 258360,   169861,          626, 43617,        4064358,            8, 0.8262811580740053 , 0.16882257315373897   , 31.835113794705062, Rejected
2025-01-02 03:20:00, Meera Sharma    , 225390,   118746,          761, 35860,        6563988,           20, 0.6859487998580238 , 0.1591020009760859    , 76.23949598473757 , Approved
2025-01-02 03:30:00, Meera Mehta     , 293680,   177280,          699, 21809,        5308895,           16, 0.6779113320621084 , 0.07426110051757015   , 58.17743802778534 , Borderline
2025-01-02 03:40:00, Meera Agarwal   , 287253,   132987,          743, 50866,        2021881,           18, 0.640038572269045  , 0.17707734993194152   , 57.257295833289824, Borderline
2025-01-02 03:50:00, Aarav Agarwal   , 177215,   111378,          716, 40248,        5089882,            9, 0.8556047738622578 , 0.22711395762209746   , 49.78957763169032 , Rejected
2025-01-02 04:00:00, Kabir Agarwal   ,  89298,    31474,          900,  6484,        1961569,           10, 0.42507111021523436, 0.07261080875271562   , 85.79565051848866 , Approved
2025-01-02 04:10:00, Kabir Gupta     , 214555,    72135,          718, 34387,        5756168,            1, 0.4964787583603272 , 0.16027125911770876   , 61.900212066836005, Borderline
2025-01-02 04:20:00, Isha Das        , 128737,   101539,          793,  7757,         529360,           12, 0.8489866938020927 , 0.060254627651724055  , 73.32530663290274 , Approved
2025-01-02 04:30:00, Shivansh Reddy  , 255458,   191110,          764, 45582,        5019321,            9, 0.9265397834477683 , 0.1784324624791551    , 68.63515724698385 , Borderline
2025-01-02 04:40:00, Aarav Reddy     , 279931,   196193,          729, 28506,        7017041,            3, 0.8026942353651435 , 0.1018322372298888    , 53.88252819444792 , Borderline
2025-01-02 04:50:00, Meera Das       ,  56877,    19384,          796,  1029,         550102,           13, 0.3588972695465654 , 0.01809167150166148   , 88.87124848356981 , Approved
2025-01-02 05:00:00, Meera Singh     , 182962,   144161,          761, 18491,        3802885,           19, 0.8889933428799422 , 0.10106470195996983   , 71.30890567440234 , Approved
2025-01-02 05:10:00, Aarav Agarwal   , 298226,   123533,          674, 89139,        8743811,            3, 0.7131236042464439 , 0.2988974804343015    , 52.62834226392066 , Borderline
2025-01-02 05:20:00, Arjun Singh     , 245314,   100647,          758, 30791,        1889707,           20, 0.5357949403621481 , 0.125516684738743     , 81.41581809436069 , Approved
2025-01-02 05:30:00, Ananya Verma    , 121757,    96653,          686,  1465,        3215584,            9, 0.8058509982998924 , 0.012032162421873075  , 55.583826802565774, Borderline
2025-01-02 05:40:00, Isha Das        , 182932,    91055,          825, 33267,        3783994,           19, 0.6796077230883607 , 0.1818544595806092    , 75.974679115737   , Approved
2025-01-02 05:50:00, Vihaan Das      ,  62229,    29843,          755,  7165,         969337,           15, 0.5947066480258401 , 0.11513924376094747   , 79.85601568400585 , Approved
2025-01-02 06:00:00, Shivansh Singh  ,  39975,    20093,          609,  7217,         673203,            5, 0.68317698561601   , 0.18053783614759225   , 35.89393370856786 , Rejected
2025-01-02 06:10:00, Ananya Agarwal  , 155720,    65965,          835, 40677,        2339419,            7, 0.6848317492936039 , 0.2612188543539687    , 74.23067043411251 , Approved
2025-01-02 06:20:00, Meera Verma     , 257697,    89583,          650, 50415,        6742804,            5, 0.543265928590554  , 0.19563673616689367   , 59.78928741894551 , Borderline
2025-01-02 06:30:00, Shivansh Reddy  ,  81367,    40547,          589,  5785,         759658,           10, 0.5694200351493849 , 0.07109761942802365   , 41.49544655695798 , Rejected
2025-01-02 06:40:00, Vihaan Agarwal  , 222332,   104162,          595, 55286,        4371695,            1, 0.717161722109278  , 0.24866415990500693   , 33.51186513862153 , Rejected
2025-01-02 06:50:00, Meera Agarwal   ,  91635,    44871,          685, 16646,        1157511,           12, 0.6713264582310252 , 0.18165548098434003   , 56.227096633382445, Borderline
2025-01-02 07:00:00, Ananya Sharma   , 252944,   165094,          733, 33871,        4446112,           20, 0.7865970333354418 , 0.13390710987412233   , 53.72394680245429 , Borderline
2025-01-02 07:10:00, Aarav Gupta     , 217576,   123057,          807, 61134,         883853,            3, 0.846559363165055  , 0.2809776813619149    , 68.98366547781005 , Borderline
2025-01-02 07:20:00, Kriti Patel     , 179476,    61789,          857,  5562,        2464067,           18, 0.375264659341639  , 0.03099021596202278   , 88.12225590051038 , Approved
2025-01-02 07:30:00, Kabir Gupta     ,  65272,    40439,          781, 16995,         997224,           15, 0.8799178820933938 , 0.26037198186052213   , 68.39502389998775 , Borderline
2025-01-02 07:40:00, Aarav Mehta     ,  99141,    36664,          808,   891,         837745,            8, 0.37880392572195154, 0.008987200048415892  , 88.45613822737313 , Approved
2025-01-02 07:50:00, Aarav Patel     , 143008,    95159,          636,  6699,        1334715,           15, 0.7122538599239203 , 0.04684353322891027   , 37.69551353770419 , Rejected
2025-01-02 08:00:00, Kriti Gupta     ,  68320,    49126,          717, 19360,        1344665,            8, 1.0024297423887587 , 0.28337236533957844   , 44.25966042154567 , Rejected
2025-01-02 08:10:00, Kabir Sharma    , 193895,   135291,          880, 53438,        3725975,           16, 0.973356713685242  , 0.27560277469764566   , 65.28724309548983 , Borderline
2025-01-02 08:20:00, Ananya Patel    , 178056,    62906,          714, 35139,        4720325,            9, 0.5506413712539875 , 0.19734802534034238   , 59.53379835557353 , Borderline
2025-01-02 08:30:00, Ananya Iyer     , 252549,   117060,          746, 50580,        6266205,           18, 0.6637919770024827 , 0.20027796586009053   , 56.0806813727237  , Borderline
2025-01-02 08:40:00, Meera Mehta     , 176498,   129629,          798, 19891,        2094377,            1, 0.8471484096137066 , 0.11269816088567576   , 72.33158449387528 , Approved
2025-01-02 08:50:00, Arjun Mehta     , 160180,    78521,          613, 26357,        3060256,           17, 0.6547509052316144 , 0.16454613559745287   , 37.06655013110252 , Rejected
2025-01-02 09:00:00, Vihaan Agarwal  , 129834,    78124,          664, 26027,        1720847,            8, 0.8021858681085078 , 0.20046366899271378   , 51.92515057689049 , Borderline
2025-01-02 09:10:00, Aarav Agarwal   , 243131,    76056,          900, 24890,        3225201,            2, 0.41519181017640694, 0.10237279491303042   , 85.49678979644719 , Approved
2025-01-02 09:20:00, Ananya Verma    , 232781,   153417,          699, 66728,        6524835,           15, 0.9457172191888513 , 0.28665569784475536   , 45.89536946743935 , Rejected
2025-01-02 09:30:00, Isha Patel      , 265900,   126518,          751,  8090,        4285919,           16, 0.5062354268522    , 0.030424971793907483  , 84.20443775855585 , Approved
2025-01-02 09:40:00, Ananya Verma    , 243725,   110564,          567, 58715,        4747522,           18, 0.6945491845317469 , 0.24090675966765823   , 34.34538927069443 , Rejected
2025-01-02 09:50:00, Aarav Sharma    , 194668,    98652,          751,  7118,        1536131,           12, 0.5433353196210985 , 0.03656481804919144   , 82.9686440503832  , Approved
2025-01-02 10:00:00, Arjun Mehta     ,  92588,    36321,          674,  8201,        2572031,           20, 0.4808614507279561 , 0.08857519332958914   , 63.80265261156954 , Borderline
2025-01-02 10:10:00, Isha Agarwal    , 258976,   126057,          762, 40905,        1562199,           13, 0.6447006672432967 , 0.15794899913505497   , 77.5              , Approved
2025-01-02 10:20:00, Rohan Agarwal   , 185140,   137392,          759, 12668,        2610060,           10, 0.8105217673112239 , 0.06842389543048503   , 74.31586907205359 , Approved
2025-01-02 10:30:00, Kabir Reddy     , 139503,    80677,          616, 10698,        1556244,           19, 0.655003835042974  , 0.0766865228704759    , 38.81615449130126 , Rejected
2025-01-02 10:40:00, Isha Mehta      , 254386,   155666,          624, 34477,        5824317,            2, 0.7474585865574364 , 0.13553025716824038   , 34.865637259912106, Rejected
2025-01-02 10:50:00, Shivansh Mehta  ,  69104,    26896,          744,  6473,         636907,            7, 0.4828808752025932 , 0.09367040981708728   , 63.64016554758045 , Borderline
2025-01-02 11:00:00, Arjun Iyer      , 178285,   109824,          685,  3126,        3408856,           18, 0.6335361920520515 , 0.017533724093445887  , 60.643239756569535, Borderline
2025-01-02 11:10:00, Vihaan Das      , 146888,    94921,          664, 43681,         949872,           19, 0.9435896737650454 , 0.29737623223135995   , 45.744785142421435, Rejected
2025-01-02 11:20:00, Isha Das        ,  96329,    72512,          784, 22327,        1838464,            9, 0.9845321761878562 , 0.2317785921166004    , 65.8284628720323  , Borderline
2025-01-02 11:30:00, Kabir Sharma    , 254565,   121554,          615,  5301,        4331325,            2, 0.4983206646632491 , 0.02082375817571151   , 44.6339048965883  , Rejected
2025-01-02 11:40:00, Ananya Patel    , 145703,   107825,          560, 28450,        1747132,            6, 0.9352930275972354 , 0.19526022113477418   , 28.036004749387455, Rejected
2025-01-02 11:50:00, Aarav Mehta     , 271051,   171011,          749, 45356,        6160328,           20, 0.7982519894779949 , 0.16733382278611775   , 52.70576385993779 , Borderline
2025-01-02 12:00:00, Kabir Agarwal   , 195915,    67469,          824, 56521,        1489523,           10, 0.6328765025648878 , 0.2884975627185259    , 75.24375366868286 , Approved
2025-01-02 12:10:00, Meera Mehta     , 276911,    83244,          775, 24992,        8167041,            3, 0.39086926846531916, 0.09025282491486435   , 86.46886544774316 , Approved
2025-01-02 12:20:00, Rohan Singh     ,  49301,    39255,          817, 13710,         841364,            6, 1.0743189793310481 , 0.278087665564593     , 62.20867730877669 , Borderline
2025-01-02 12:30:00, Kriti Gupta     , 278503,   188723,          731, 10670,        7047191,            6, 0.7159456092034915 , 0.03831197509542088   , 57.755392221986845, Borderline
2025-01-02 12:40:00, Isha Gupta      , 138413,    49665,          627,  9440,        1709495,            9, 0.4270191383757306 , 0.0682016862577937    , 45.825392123572215, Rejected
2025-01-02 12:50:00, Shivansh Singh  ,  58067,    25540,          596, 16416,        1543426,            6, 0.7225446467012244 , 0.28270790638400467   , 32.669502471283174, Rejected
2025-01-02 13:00:00, Vihaan Agarwal  ,  85450,    50184,          722, 14524,        1172701,            6, 0.7572615564657694 , 0.16997074312463428   , 53.88273844353424 , Borderline
2025-01-02 13:10:00, Aarav Singh     , 211703,   119874,          522, 45818,        1442651,            7, 0.7826625036017439 , 0.2164258418633652    , 32.19160805468037 , Rejected
2025-01-02 13:20:00, Isha Iyer       ,  98222,    49257,          637,  5113,        2881978,           10, 0.553541976339313  , 0.052055547636985604  , 42.3526297570809  , Rejected
2025-01-02 13:30:00, Meera Gupta     ,  49984,    38056,          825,  7303,         968131,           14, 0.907470390524968  , 0.14610675416133162   , 69.85375320102433 , Borderline
2025-01-02 13:40:00, Isha Singh      , 186370,    93060,          671,  8183,         688995,           15, 0.5432365724097226 , 0.04390728121478779   , 62.82475720341256 , Borderline
2025-01-02 13:50:00, Isha Verma      , 271537,   119171,          705, 69359,         817048,           11, 0.6943068532096915 , 0.2554311198842147    , 54.06217200602496 , Borderline
2025-01-02 14:00:00, Aarav Mehta     , 223218,   110097,          674, 37798,        3590292,           18, 0.6625585750253116 , 0.16933222231182074   , 56.736598303004236, Borderline
2025-01-02 14:10:00, Kabir Iyer      , 188918,    79268,          671,  8062,        1185912,           14, 0.4622640510697763 , 0.042674599561714606  , 65.27858647667242 , Borderline
2025-01-02 14:20:00, Vihaan Mehta    , 117359,    75791,          618, 21760,        1089259,           20, 0.8312187390826439 , 0.18541398614507623   , 31.355158104619164, Rejected
2025-01-02 14:30:00, Isha Verma      , 294555,   213260,          770, 64005,        7183173,            3, 0.941301284989221  , 0.21729388399450017   , 67.41508377043337 , Borderline
2025-01-02 14:40:00, Rohan Agarwal   , 119853,    46556,          701, 13917,        2917116,           10, 0.5045597523633117 , 0.11611724362343871   , 62.54086255663187 , Borderline
2025-01-02 14:50:00, Rohan Das       , 156614,    95452,          636, 15199,        3997758,           13, 0.7065204898668063 , 0.09704751810182997   , 36.86343494195922 , Rejected
2025-01-02 15:00:00, Ananya Patel    , 120689,    40105,          608,  1543,        2467418,           20, 0.34508530189163883, 0.01278492654674411   , 49.391742412315956, Rejected
2025-01-02 15:10:00, Rohan Patel     ,  30749,    11531,          659,  2995,         704417,            8, 0.4724056066863963 , 0.09740154151354516   , 63.879800969137214, Borderline
2025-01-02 15:20:00, Vihaan Iyer     , 276553,   191515,          811, 74012,        4097211,            1, 0.9601306078762479 , 0.2676232042321002    , 65.84361767907056 , Borderline
2025-01-02 15:30:00, Arjun Gupta     ,  48671,    36546,          630,  6738,         983370,            2, 0.8893180744180312 , 0.13843972796942738   , 30.55166320807051 , Rejected
2025-01-02 15:40:00, Kabir Agarwal   , 174544,   105942,          624,  3490,        3998927,            1, 0.6269593913282611 , 0.019994958291319094  , 40.791319094325786, Rejected
2025-01-02 15:50:00, Rohan Patel     , 221548,    70676,          725, 49596,        4606860,           19, 0.5428710708288949 , 0.22386119486522107   , 59.23664397782873 , Borderline
2025-01-02 16:00:00, Kabir Singh     , 121015,    38456,          658, 18463,        3602965,           20, 0.47034665124158165, 0.15256786348799736   , 62.83824319299261 , Borderline
2025-01-02 16:10:00, Vihaan Mehta    , 145426,    57093,          538,  7596,         822628,            8, 0.4448241717437047 , 0.05223275067732042   , 45.610619834142454, Rejected
2025-01-02 16:20:00, Arjun Agarwal   ,  98815,    55072,          665, 26647,        2900393,           15, 0.8269898294793301 , 0.2696655366088144    , 49.7969943834438  , Rejected
2025-01-02 16:30:00, Aarav Singh     , 228432,    97701,          776, 17866,        1112433,           18, 0.505914232681936  , 0.07821145898998388   , 83.25834383974224 , Approved
2025-01-02 16:40:00, Arjun Patel     , 299297,   179859,          779, 52295,        6202907,           11, 0.7756643066920149 , 0.17472610818016887   , 73.23554863563618 , Approved
2025-01-02 16:50:00, Arjun Sharma    , 109489,    45143,          767, 12224,        1605773,           18, 0.5239521778443497 , 0.11164591876809543   , 82.0485162893076  , Approved
2025-01-02 17:00:00, Kriti Verma     , 197876,   126243,          623, 29446,        5291254,           12, 0.78680082475894   , 0.148810366087853     , 33.419767935474745, Rejected
2025-01-02 17:10:00, Meera Gupta     , 179116,    73532,          810, 52573,        4155702,           14, 0.7040409566984523 , 0.29351370061859355   , 73.00849728667455 , Approved
2025-01-02 17:20:00, Rohan Mehta     , 165643,    54153,          653, 15904,        2910019,           13, 0.4229396956104393 , 0.09601371624517788   , 65.39153480678327 , Borderline
2025-01-02 17:30:00, Aarav Gupta     ,  84028,    54000,          792,  2315,        2441727,           15, 0.6701932689103632 , 0.02755034036273623   , 79.34319512543439 , Approved
2025-01-02 17:40:00, Vihaan Mehta    ,  40567,    19114,          784,  5031,         791964,           19, 0.595188207163458  , 0.1240170582000148    , 79.66401262109596 , Approved
2025-01-02 17:50:00, Rohan Mehta     , 124555,    76993,          788, 28440,         911983,           10, 0.8464774597567339 , 0.22833286499939787   , 70.03901890731002 , Approved
2025-01-02 18:00:00, Arjun Reddy     ,  75147,    49839,          703, 22359,        1848760,           11, 0.9607569164437703 , 0.29753682781747776   , 45.22655595033734 , Rejected
2025-01-02 18:10:00, Meera Das       , 185268,   123487,          651, 34236,        1496348,            9, 0.8513234881361056 , 0.18479176112442516   , 50.76446013342832 , Borderline
2025-01-02 18:20:00, Meera Verma     , 128777,    87632,          657,  1364,        3717532,           20, 0.6910861411587473 , 0.010591953532074826  , 59.05557669459608 , Borderline
2025-01-02 18:30:00, Vihaan Mehta    , 294231,   162128,          771, 11008,        3944210,            4, 0.5884356169132416 , 0.037412781114158605  , 81.59867587031958 , Approved
2025-01-02 18:40:00, Isha Das        , 217621,   129815,          854, 25561,         671772,            6, 0.7139752137891104 , 0.11745649546688969   , 76.2316136769889  , Approved
2025-01-02 18:50:00, Isha Iyer       ,  88099,    48899,          659, 19119,         512005,           20, 0.7720632470289106 , 0.21701721926469086   , 52.49775820383886 , Borderline
2025-01-02 19:00:00, Isha Reddy      , 129079,    82382,          782, 31172,        2123724,           14, 0.8797248196840695 , 0.24149551824851448   , 68.77834504450763 , Borderline
2025-01-02 19:10:00, Vihaan Agarwal  ,  62092,    41785,          675, 18291,         538072,            4, 0.9675320492172905 , 0.29457901178895834   , 45.082458287702124, Rejected
2025-01-02 19:20:00, Vihaan Verma    , 287613,   133480,          713, 37448,        5508388,           15, 0.5942985887286041 , 0.13020273770657098   , 59.566987584010455, Borderline
2025-01-02 19:30:00, Meera Agarwal   ,  97984,    50032,          710, 18700,        2372446,           15, 0.7014614630960156 , 0.19084748530372306   , 55.13920640104506 , Borderline
2025-01-02 19:40:00, Kriti Mehta     ,  23471,     9422,          777,  3982,         442074,            6, 0.5710877252780027 , 0.16965617144561373   , 79.47424481274764 , Approved
2025-01-02 19:50:00, Shivansh Singh  ,  43284,    14200,          854, 11072,         393434,            5, 0.5838647075131689 , 0.25579890952777007   , 77.36808058404954 , Approved
2025-01-02 20:00:00, Ananya Verma    , 153168,    79278,          792, 43071,         665627,            7, 0.7987895643998747 , 0.281201034158571     , 70.41229238483234 , Approved
2025-01-02 20:10:00, Aarav Singh     , 284983,   189443,          834, 65447,        2077674,           12, 0.8944042276205949 , 0.22965229504917836   , 68.57482727039859 , Borderline
2025-01-02 20:20:00, Meera Verma     ,  82424,    64151,          711,  1705,         829684,            3, 0.7989905852664273 , 0.020685722605066487  , 55.61656798990585 , Borderline
2025-01-02 20:30:00, Rohan Reddy     , 251390,   131947,          703, 58577,        1197844,           13, 0.7578821751064083 , 0.23301245077369823   , 52.603285731333784, Borderline
2025-01-02 20:40:00, Isha Reddy      , 153715,    93743,          614, 25916,        3664589,            6, 0.7784471261750643 , 0.1685977295644537    , 33.274631623458994, Rejected
2025-01-02 20:50:00, Aarav Reddy     ,  86707,    31560,          632, 22946,        1181217,           12, 0.6286228332199246 , 0.26463837983092486   , 35.848547406783766, Rejected
2025-01-02 21:00:00, Kabir Iyer      , 271924,   116455,          743, 53365,        4221940,           12, 0.624512731498507  , 0.1962496874126594    , 57.339624306791606, Borderline
2025-01-02 21:10:00, Meera Iyer      , 288448,   108347,          611, 19497,        2819896,            7, 0.44321333481251385, 0.06759277235411582   , 45.35174450854227 , Rejected
2025-01-02 21:20:00, Kriti Mehta     , 284480,   159791,          754,  9794,        1373197,           17, 0.5961227502812149 , 0.034427727784026994  , 81.42776293588302 , Approved
2025-01-02 21:30:00, Shivansh Gupta  , 279013,   115252,          775, 70890,        4066063,            5, 0.6671445416521811 , 0.25407418292337636   , 74.90418009196705 , Approved
2025-01-02 21:40:00, Aarav Agarwal   , 131672,    83547,          861, 18261,        2334104,           15, 0.7731939972051765 , 0.1386855215991251    , 74.03046965186219 , Approved
2025-01-02 21:50:00, Kabir Agarwal   ,  50651,    24210,          637, 14861,        1237795,           17, 0.7713766756826124 , 0.29339993287398075   , 30.990701072042015, Rejected
2025-01-02 22:00:00, Rohan Patel     , 163891,    93815,          748, 37289,        1206849,           14, 0.7999463057764001 , 0.22752317088796822   , 51.45114740894863 , Borderline
2025-01-02 22:10:00, Meera Reddy     ,  38489,    25994,          653,  6442,         689640,            3, 0.842734287718569  , 0.167372496037829     , 51.37052144768634 , Borderline
2025-01-02 22:20:00, Kabir Sharma    ,  61971,    43328,          543,  6914,         342204,            5, 0.810734053024802  , 0.11156831421148601   , 33.44661212502622 , Rejected
2025-01-02 22:30:00, Vihaan Reddy    ,  81001,    28108,          637,  8667,        1899636,            5, 0.4540067406575227 , 0.10699867902865397   , 44.23982419970124 , Rejected
2025-01-02 22:40:00, Ananya Reddy    , 288854,   179475,          723, 16970,        4357443,            6, 0.6800840563052615 , 0.05874940281249351   , 58.42249025459228 , Borderline
2025-01-02 22:50:00, Aarav Mehta     ,  26530,    12775,          796,  7140,         200541,            6, 0.7506596306068601 , 0.2691292875989446    , 72.0976253298153  , Approved
2025-01-02 23:00:00, Shivansh Sharma , 270870,   106211,          643, 72646,        4032910,            6, 0.6603056816923247 , 0.26819507512829033   , 34.82692804666445 , Rejected
2025-01-02 23:10:00, Kriti Singh     ,  82987,    55590,          753,  7958,        2463654,           13, 0.7657584922939737 , 0.0958945376986757    , 75.10935447720728 , Approved
2025-01-02 23:20:00, Rohan Patel     , 139052,    64173,          751, 41593,         766430,            4, 0.760621925610563  , 0.2991183154503351    , 71.19897592267641 , Approved
2025-01-02 23:30:00, Meera Verma     , 175289,    59546,          658, 38466,        1412850,            9, 0.5591451830976274 , 0.2194433193183828    , 58.836778120703514, Borderline
2025-01-02 23:40:00, Isha Agarwal    , 115665,    41104,          613, 26357,        1141231,            3, 0.5832447153417196 , 0.22787360048415684   , 37.94518653006528 , Rejected
2025-01-02 23:50:00, Arjun Patel     , 140987,   100522,          806,  4256,        1336077,           20, 0.743174902650599  , 0.030187180378332755  , 77.10100931291537 , Approved
2025-01-03 00:00:00, Aarav Iyer      , 223058,   117144,          817, 50109,        2791375,            5, 0.749818432873961  , 0.2246456078688054    , 73.01253485640507 , Approved
2025-01-03 00:10:00, Vihaan Sharma   , 209139,   140049,          841,  6672,        2405690,           15, 0.7015477744466598 , 0.03190222770501915   , 78.31552221249981 , Approved
2025-01-03 00:20:00, Rohan Agarwal   , 124648,    78234,          789, 37085,        1099308,           15, 0.9251572427957128 , 0.29751781015339196   , 66.29492651306079 , Borderline
2025-01-03 00:30:00, Ananya Singh    , 206339,   151783,          689, 47420,        5011577,           13, 0.9654161355827061 , 0.22981598243666976   , 46.44119628378542 , Rejected
2025-01-03 00:40:00, Aarav Singh     ,  87990,    33835,          614, 10288,        1170576,            3, 0.5014547107625866 , 0.1169223775429026    , 42.61791112626435 , Rejected
2025-01-03 00:50:00, Vihaan Verma    , 259472,    83293,          673, 57595,        7210225,           16, 0.5429795893198496 , 0.22197000061663685   , 59.271212308071775, Borderline
2025-01-03 01:00:00, Meera Singh     ,  35282,    25156,          800,  7401,         704314,           19, 0.9227651493679496 , 0.2097670200102035    , 68.12170511875745 , Borderline
2025-01-03 01:10:00, Isha Reddy      ,  54228,    30928,          884,  1570,         516854,            1, 0.5992845024710481 , 0.02895183300140149   , 81.44242826584053 , Approved
2025-01-03 01:20:00, Kabir Verma     , 115028,    51603,          796, 10349,        3116357,           16, 0.5385819104913586 , 0.08996939875508572   , 82.04315471015752 , Approved
2025-01-03 01:30:00, Shivansh Singh  ,  69812,    23165,          856, 17411,        1338464,            1, 0.5812181286884777 , 0.2493983842319372    , 77.57548845470691 , Approved
2025-01-03 01:40:00, Ananya Iyer     , 247208,   156878,          735, 61501,        4195379,           15, 0.883381605773276  , 0.24878240186401734   , 48.52290378952138 , Rejected
2025-01-03 01:50:00, Kabir Agarwal   , 130155,    69270,          800,  5369,        1588154,           20, 0.5734624102032192 , 0.041250816334370555  , 81.97111136721603 , Approved
2025-01-03 02:00:00, Kriti Reddy     , 259141,   154408,          726, 54624,        1506663,           12, 0.8066342261548732 , 0.21078872119811223   , 51.58519879139156 , Borderline
2025-01-03 02:10:00, Vihaan Agarwal  , 299713,   160780,          591, 88460,        3075622,            6, 0.8315955597521629 , 0.2951490259014457    , 29.1491526894062  , Rejected
2025-01-03 02:20:00, Kriti Agarwal   , 177584,    56806,          704, 32182,        2784575,           13, 0.5011037030363096 , 0.18122128119650419   , 61.34246328498063 , Borderline
2025-01-03 02:30:00, Shivansh Singh  , 246727,   131967,          744, 33120,        3899714,           17, 0.6691079614310553 , 0.13423743651890552   , 57.24201242669022 , Borderline
2025-01-03 02:40:00, Kriti Sharma    , 270736,   110875,          695,  2982,        6679006,           17, 0.42054621476272086, 0.011014419951539508  , 67.16332515808759 , Borderline
2025-01-03 02:50:00, Arjun Agarwal   , 202024,   143101,          659, 17246,        5069101,           19, 0.7937027283887063 , 0.08536609511741179   , 54.48159624599058 , Borderline
2025-01-03 03:00:00, Rohan Mehta     ,  42054,    22994,          663,  8859,         605130,           12, 0.7574309221477148 , 0.21065772578113853   , 53.06391781994579 , Borderline
2025-01-03 03:10:00, Kabir Reddy     , 211420,   138906,          598, 38556,        2400264,           13, 0.839381326269984  , 0.182366852710245     , 31.171223157695582, Rejected
2025-01-03 03:20:00, Arjun Mehta     , 250363,   177907,          681,   117,        2492462,           17, 0.7110635357460967 , 0.00046732144925568076, 58.65874749863198 , Borderline
2025-01-03 03:30:00, Isha Gupta      ,  58211,    28635,          731,  7967,         754672,           19, 0.6287815017780145 , 0.1368641665664565    , 58.39927161533044 , Borderline
2025-01-03 03:40:00, Kabir Verma     , 246416,    82673,          760,  5927,        5187416,            9, 0.35955457437828714, 0.024052821245373678  , 88.73230634374391 , Approved
2025-01-03 03:50:00, Arjun Gupta     , 161130,    96572,          706, 24273,        1087551,            9, 0.7499844845776702 , 0.15064233848445355   , 54.487618692980824, Borderline
2025-01-03 04:00:00, Meera Mehta     , 197691,    76293,          736, 37830,        5018085,            8, 0.5772796940680153 , 0.19135924245413297   , 58.85442432887689 , Borderline
2025-01-03 04:10:00, Aarav Sharma    , 269768,   137856,          854, 23877,        4349203,           13, 0.5995262596008422 , 0.08850938584264999   , 80.24402449512174 , Approved
2025-01-03 04:20:00, Arjun Patel     , 188509,   109207,          788, 19407,        4869435,           11, 0.682269812051414  , 0.10294999177758091   , 77.47290580290597 , Approved
2025-01-03 04:30:00, Aarav Verma     , 251496,   113967,          822, 59527,        3785851,            2, 0.6898479498679899 , 0.23669163724273945   , 74.57072875910552 , Approved
2025-01-03 04:40:00, Vihaan Singh    ,  99003,    58375,          713, 22553,        1702548,            2, 0.8174297748553074 , 0.22780117774208863   , 50.92108319949901 , Borderline
2025-01-03 04:50:00, Kabir Patel     ,  88803,    28629,          692, 20297,        2536160,           19, 0.5509498552976814 , 0.2285620981273155    , 58.90026237852325 , Borderline
2025-01-03 05:00:00, Arjun Gupta     , 284155,    86199,          754, 32894,        1629349,            5, 0.41911280815048124, 0.11576076437155777   , 85.11140046805441 , Approved
2025-01-03 05:10:00, Kabir Gupta     , 228559,    93468,          826, 67747,        3487363,            4, 0.7053539786225876 , 0.2964092422525475    , 72.91119579627143 , Approved
2025-01-03 05:20:00, Shivansh Gupta  , 170871,    94445,          685, 49416,         655428,           10, 0.8419275359774333 , 0.28920062503291954   , 48.95816142001861 , Rejected
2025-01-03 05:30:00, Vihaan Gupta    , 135598,    73755,          711,  5290,        3465609,            5, 0.5829363264944911 , 0.03901237481378782   , 61.73166270888951 , Borderline
2025-01-03 05:40:00, Arjun Patel     ,  51778,    38533,          596,  9365,         631197,            4, 0.9250646992931361 , 0.1808683224535517    , 28.630692572134887, Rejected
2025-01-03 05:50:00, Ananya Patel    ,  22352,    12654,          601,  1128,         216065,           19, 0.6165891195418755 , 0.050465282748747314  , 40.49302075876879 , Rejected
2025-01-03 06:00:00, Vihaan Das      , 160641,    69022,          706,  9379,        1654070,           12, 0.4880509956984829 , 0.058384845711866834  , 64.19077321480817 , Borderline
2025-01-03 06:10:00, Rohan Verma     , 119931,    70938,          682, 35969,         847202,            2, 0.8914042240955216 , 0.29991411728410505   , 47.25959093145226 , Rejected
2025-01-03 06:20:00, Isha Singh      , 190492,   151807,          808, 50307,        3763709,            5, 1.0610104361338009 , 0.2640898305440648    , 62.887890305104676, Borderline
2025-01-03 06:30:00, Rohan Patel     , 170023,    54361,          876, 24256,        3002889,           19, 0.4623903824776648 , 0.14266305146950706   , 83.2750274962799  , Approved
2025-01-03 06:40:00, Ananya Gupta    , 283852,   150223,          746,  3234,        1294083,           20, 0.540623282555698  , 0.011393261277003509  , 63.55343629778899 , Borderline
2025-01-03 06:50:00, Meera Das       ,  33893,    12689,          850,  4704,         999391,           12, 0.5131738117015313 , 0.13878972059127254   , 81.8289912371286  , Approved
2025-01-03 07:00:00, Isha Agarwal    ,  92805,    52084,          886, 15666,        2580520,           19, 0.7300253219115349 , 0.16880556004525618   , 74.72312914174883 , Approved
2025-01-03 07:10:00, Aarav Sharma    , 206292,   163046,          627, 25224,        5228060,           15, 0.9126383960599539 , 0.12227328253155721   , 30.175382467570238, Rejected
2025-01-03 07:20:00, Isha Mehta      , 204482,    81841,          704,  6702,        5289572,            8, 0.43301121859136743, 0.03277550102209485   , 66.35415342181707 , Borderline
2025-01-03 07:30:00, Vihaan Agarwal  , 141668,    78656,          810, 26630,        3968450,           16, 0.7431882994042409 , 0.18797470141457492   , 73.94485698958127 , Approved
2025-01-03 07:40:00, Aarav Agarwal   , 156917,   103777,          687, 32601,        1990542,            2, 0.869109146873825  , 0.20775951617734217   , 49.77153527023841 , Rejected
2025-01-03 07:50:00, Meera Reddy     , 101442,    41119,          660, 29137,         328601,           19, 0.69257309595631   , 0.28722816979160504   , 53.478243725478606, Borderline
2025-01-03 08:00:00, Aarav Reddy     , 104761,    74823,          761,  9259,         718341,            8, 0.8026078407040788 , 0.08838212693655081   , 74.15412224014662 , Approved
2025-01-03 08:10:00, Kabir Patel     , 136923,    86161,          777, 31469,        3538073,            2, 0.8590959882561732 , 0.2298299043988227    , 69.63052226433835 , Borderline
2025-01-03 08:20:00, Kabir Mehta     ,  41281,    13987,          665,  5047,         512633,            3, 0.4610837915748165 , 0.12225963518325622   , 63.72229354909038 , Borderline
2025-01-03 08:30:00, Aarav Singh     , 225157,   101271,          708,  5191,        3718885,           10, 0.47283451103008123, 0.023055023827817923  , 65.3538641925412  , Borderline
2025-01-03 08:40:00, Kriti Gupta     , 131041,    85839,          754, 26215,        1812986,           14, 0.8551064170755718 , 0.20005189215589014   , 70.34576964461505 , Approved
2025-01-03 08:50:00, Kabir Mehta     , 253077,   116604,          692, 36172,        2303704,            9, 0.6036739806462065 , 0.14292883193652525   , 59.031203941883305, Borderline
2025-01-03 09:00:00, Ananya Patel    , 142258,    68128,          478, 27647,        2677060,            8, 0.6732486046478933 , 0.19434407906760956   , 35.91566027921102 , Rejected
2025-01-03 09:10:00, Kriti Verma     ,  45235,    29009,          734,  3283,        1007687,           20, 0.713872001768542  , 0.07257654471095391   , 57.132309052724665, Borderline
2025-01-03 09:20:00, Ananya Reddy    , 248174,   143010,          751, 38727,        2563154,           14, 0.7322966950607235 , 0.15604777293350633   , 74.91014368950817 , Approved
2025-01-03 09:30:00, Aarav Gupta     , 224535,   138039,          679,  3659,        5212225,           15, 0.631073106642617  , 0.01629590041641615   , 60.74188879239317 , Borderline
2025-01-03 09:40:00, Meera Sharma    , 109081,    75430,          790, 23399,        2045071,            8, 0.9060147963440013 , 0.21451031802055354   , 68.5293497492689  , Borderline
2025-01-03 09:50:00, Meera Agarwal   , 100811,    67588,          736,  9565,         579773,            1, 0.7653232286159248 , 0.09488051899098313   , 55.142692761702584, Borderline
2025-01-03 10:00:00, Vihaan Iyer     , 279994,   205312,          569, 48030,        7918418,           19, 0.9048122459766995 , 0.1715393901297885    , 29.424844818103246, Rejected
2025-01-03 10:10:00, Ananya Sharma   ,  52441,    16841,          624,  8882,        1474358,           10, 0.4905131481093038 , 0.16937129345359547   , 41.89717968764898 , Rejected
2025-01-03 10:20:00, Rohan Patel     , 163252,   120440,          667,  8953,        3469908,            9, 0.792596721632813  , 0.05484159458995908   , 55.12526645921643 , Borderline
2025-01-03 10:30:00, Ananya Verma    , 287986,   179148,          688,  4163,        3663574,           16, 0.6365274700853514 , 0.014455563812129757  , 60.61506462119686 , Borderline
2025-01-03 10:40:00, Rohan Iyer      ,  86914,    45964,          607,  5446,         383602,            9, 0.5915042455760867 , 0.06265964056423591   , 41.00167982143268 , Rejected
2025-01-03 10:50:00, Aarav Patel     , 176044,    89412,          606, 38007,        2292332,            6, 0.7237906432482788 , 0.21589488991388517   , 33.96838290427394 , Rejected
2025-01-03 11:00:00, Kriti Reddy     ,  54773,    22340,          595, 11137,         366334,            7, 0.6111952969528782 , 0.20333010789987768   , 37.5975389334161  , Rejected
2025-01-03 11:10:00, Isha Gupta      , 174626,    79946,          785, 33781,        2386881,            8, 0.6512604079575779 , 0.19344771110831147   , 76.59323353910644 , Approved
2025-01-03 11:20:00, Kriti Agarwal   ,  80948,    35917,          580,  8931,        2068866,           14, 0.5540346889361071 , 0.11033008845184562   , 41.172357562879874, Rejected
2025-01-03 11:30:00, Ananya Agarwal  ,  56609,    17529,          729,  2112,         802056,            3, 0.3469589641223127 , 0.03730855517673868   , 68.84505997279584 , Borderline
2025-01-03 11:40:00, Kriti Sharma    , 277803,   166005,          763,   827,        4726504,            6, 0.6005406709070816 , 0.0029769296947837138 , 81.92424127889187 , Approved
2025-01-03 11:50:00, Shivansh Verma  , 194863,   133765,          716, 30474,        5719691,           10, 0.8428434335918056 , 0.15638679482508225   , 51.586961095744186, Borderline
2025-01-03 12:00:00, Meera Gupta     ,  49336,    33872,          620,  7666,         149811,           11, 0.8419409761634506 , 0.15538349278417382   , 31.634100859413007, Rejected
2025-01-03 12:10:00, Ananya Verma    , 201196,   158360,          602, 51127,         731762,           11, 1.0412085727350444 , 0.25411538996799143   , 23.681435018588843, Rejected
2025-01-03 12:20:00, Kabir Sharma    ,  48151,    25471,          688,  5749,         441176,            2, 0.6483769807480634 , 0.11939523582064755   , 58.16078586114515 , Borderline
2025-01-03 12:30:00, Aarav Mehta     ,  69067,    22717,          705, 19845,        1965201,            5, 0.6162421996032837 , 0.28732969435475697   , 55.76614012480635 , Borderline
2025-01-03 12:40:00, Kabir Verma     , 229329,   142710,          666, 38616,        5180985,            7, 0.7906806378608898 , 0.16838690265949793   , 52.911842810983345, Borderline
2025-01-03 12:50:00, Arjun Iyer      , 133688,    92333,          770, 23193,         931537,            8, 0.8641463706540602 , 0.17348602716773384   , 70.60588833702352 , Approved
2025-01-03 13:00:00, Kabir Verma     , 289150,   184207,          771, 22545,        3135433,           15, 0.7150337195227391 , 0.07796991181047899   , 76.98959017810824 , Approved
2025-01-03 13:10:00, Meera Gupta     , 162105,    60570,          701,   381,        3247755,           11, 0.3759970389562321 , 0.0023503284907930044 , 68.67308226149717 , Borderline
2025-01-03 13:20:00, Kabir Agarwal   , 227793,   102725,          756, 52011,        6601982,            6, 0.6792833844762569 , 0.22832571676917202   , 75.05498413032886 , Approved
2025-01-03 13:30:00, Kriti Agarwal   ,  63309,    32693,          708,   833,         473250,            8, 0.5295613577848332 , 0.013157686900756606  , 63.850005528439866, Borderline
2025-01-03 13:40:00, Shivansh Sharma , 243564,   137276,          659, 28632,        4916715,           16, 0.6811679887011217 , 0.11755431837217323   , 57.21387397152289 , Borderline
2025-01-03 13:50:00, Kabir Das       ,  25451,    10938,          744,  3336,         484234,            6, 0.5608424030489961 , 0.1310753997878276    , 60.55321991277356 , Borderline
2025-01-03 14:00:00, Kriti Gupta     , 148389,    58621,          722, 35283,        4360754,            8, 0.6328231877025925 , 0.23777368942441826   , 56.25983058043386 , Borderline
2025-01-03 14:10:00, Arjun Reddy     ,  96253,    63446,          765,  7142,        1953609,            7, 0.7333589602402003 , 0.07420028466645195   , 76.51522549946495 , Approved
2025-01-03 14:20:00, Shivansh Verma  , 113783,    77576,          811, 29192,        2751200,           10, 0.9383475563133332 , 0.25655853686403063   , 66.7184025733194  , Borderline
2025-01-03 14:30:00, Ananya Reddy    ,  83227,    32370,          747, 12850,        2065980,            5, 0.5433332932822281 , 0.15439701058550712   , 60.612060989823014, Borderline
2025-01-03 14:40:00, Meera Singh     ,  88323,    39254,          612, 10541,        2063680,            3, 0.5637829330978341 , 0.11934603670618073   , 40.69959127294136 , Rejected
2025-01-03 14:50:00, Vihaan Sharma   , 146310,    86112,          591, 15675,        3550040,           20, 0.6956940742259586 , 0.10713553413984006   , 36.98646709042443 , Rejected
2025-01-03 15:00:00, Isha Patel      , 268922,   136559,          758, 68354,        2467291,            1, 0.7619793099857951 , 0.254177791329828     , 72.05706487382959 , Approved
2025-01-03 15:10:00, Shivansh Agarwal,  54540,    22494,          772,  7058,        1222640,           19, 0.5418408507517418 , 0.1294096076274294    , 81.15658232489915 , Approved
2025-01-03 15:20:00, Ananya Singh    , 211051,   143385,          782, 17886,        6026419,            8, 0.7641328399296853 , 0.08474728857006127   , 75.38106903070822 , Approved
2025-01-03 15:30:00, Ananya Patel    , 221165,   152644,          696, 31604,        3634531,           20, 0.8330793751271675 , 0.1428978364569439    , 52.1496620170461  , Borderline
2025-01-03 15:40:00, Kabir Iyer      , 193423,    90093,          511, 49614,        4815018,            8, 0.7222874218681336 , 0.2565051726009833    , 33.20127389193633 , Rejected
2025-01-03 15:50:00, Isha Gupta      ,  39991,    19047,          735,  9895,         676759,           17, 0.7237128353879623 , 0.24743067190117776   , 53.34000150033758 , Borderline
2025-01-03 16:00:00, Rohan Patel     ,  27415,    12200,          796,  7657,         476050,            6, 0.7243115082983768 , 0.27929965347437535   , 72.6846616815612  , Approved
2025-01-03 16:10:00, Ananya Iyer     , 259241,   103769,          543, 15832,         848352,           20, 0.46135063512330227, 0.06107058682847235   , 44.93806920973148 , Rejected
2025-01-03 16:20:00, Vihaan Singh    , 110453,    73415,          774, 32037,        2543865,            5, 0.9547228232823011 , 0.2900509719066028    , 65.5572958633989  , Borderline
2025-01-03 16:30:00, Rohan Das       , 212029,    98094,          628, 45328,        5311972,           14, 0.6764263379066071 , 0.21378207698003576   , 35.43156832320108 , Rejected
2025-01-03 16:40:00, Meera Agarwal   , 146479,    99184,          859, 17278,         749724,           10, 0.7950764273377071 , 0.11795547484622369   , 73.78859768294431 , Approved
2025-01-03 16:50:00, Arjun Gupta     ,  98077,    58050,          798, 28017,         406568,           17, 0.8775451940822008 , 0.28566330536211343   , 67.96037807029171 , Borderline
2025-01-03 17:00:00, Isha Verma      , 271514,   184494,          879,  8350,        3521694,            9, 0.7102543515251516 , 0.030753478641985313  , 78.07729988140575 , Approved
2025-01-03 17:10:00, Kabir Gupta     , 105774,    69510,          900, 14651,        2947588,            7, 0.7956681226010173 , 0.1385122998090268    , 73.35971032578895 , Approved
2025-01-03 17:20:00, Meera Sharma    , 295194,    96217,          771, 12590,        2139509,           17, 0.3685948901400435 , 0.04264991835877423   , 88.08915492862322 , Approved
2025-01-03 17:30:00, Shivansh Mehta  , 204384,    93197,          630, 29584,        3409158,            4, 0.60073684828558   , 0.14474714263347424   , 39.08295169876311 , Rejected
2025-01-03 17:40:00, Aarav Sharma    , 221554,   153112,          758,  8267,        5709116,            4, 0.7283957861288896 , 0.037313702302824596  , 77.40185237007682 , Approved
2025-01-03 17:50:00, Kabir Singh     ,  90533,    51894,          819, 26264,         397897,            1, 0.8633095114488639 , 0.2901041609137       , 68.29863143826007 , Borderline
2025-01-03 18:00:00, Ananya Agarwal  , 262188,   204705,          734, 56192,        5580177,           12, 0.9950760522983508 , 0.21431949593421515   , 45.861328512365176, Rejected
2025-01-03 18:10:00, Rohan Gupta     ,  39477,    25121,          738,  9435,         385399,            3, 0.8753451376751019 , 0.23899992400638345   , 48.95964738961928 , Rejected
2025-01-03 18:20:00, Aarav Mehta     , 293586,    89860,          725, 59364,        3160771,           11, 0.5082803675924601 , 0.20220310232776767   , 60.70752692567084 , Borderline
2025-01-03 18:30:00, Ananya Sharma   , 268709,   125493,          668, 59064,        3741031,            1, 0.6868285022087091 , 0.21980655653513653   , 54.99901380303599 , Borderline
2025-01-03 18:40:00, Aarav Iyer      , 101938,    65114,          679,  2205,        3008734,           20, 0.6603916105868273 , 0.021630795189232672  , 59.755635778610525, Borderline
2025-01-03 18:50:00, Kriti Mehta     ,  95277,    65788,          619, 22445,        1832155,           20, 0.9260682011398343 , 0.23557626709489174   , 27.506428623907137, Rejected
2025-01-03 19:00:00, Kabir Gupta     ,  71913,    54464,          752,   247,         415964,            5, 0.7607942931041676 , 0.003434705825094211  , 77.1074770903731  , Approved
2025-01-03 19:10:00, Meera Patel     , 148467,    75920,          716, 15434,        2039273,            3, 0.6153151878868705 , 0.10395576121292947   , 59.46142913913529 , Borderline
2025-01-03 19:20:00, Arjun Gupta     ,  52088,    34903,          869,  9855,         358700,            7, 0.8592766088158501 , 0.18919904776532023   , 70.4377207802181  , Approved
2025-01-03 19:30:00, Kriti Verma     , 232954,   120014,          759, 48626,        3579710,            3, 0.7239197438120831 , 0.2087364887488517    , 74.10767791066047 , Approved
2025-01-03 19:40:00, Aarav Patel     , 264629,   207074,          815, 19918,        5152379,            9, 0.8577744691624879 , 0.07526763884532685   , 72.76141314821882 , Approved
2025-01-03 19:50:00, Isha Gupta      ,  49084,    18997,          801,  1723,         742409,           15, 0.42213348545350826, 0.03510308858283758   , 86.633933664738   , Approved
2025-01-03 20:00:00, Kriti Singh     , 274511,    83270,          604, 63601,        1197746,            1, 0.5350277402362746 , 0.2316883476436281    , 39.3154008400392  , Rejected
2025-01-03 20:10:00, Shivansh Verma  , 233808,   133503,          834, 65909,        2093296,            9, 0.8528878395948812 , 0.2818936905495107    , 68.77549100116336 , Borderline
2025-01-03 20:20:00, Arjun Agarwal   , 102289,    68678,          748, 10035,        2563956,            9, 0.7695157837108585 , 0.09810439050142244   , 54.95243867864579 , Borderline
2025-01-03 20:30:00, Arjun Singh     , 217467,   131925,          743, 41602,        2073460,           20, 0.7979463550791615 , 0.19130258843870565   , 52.235557578851044, Borderline
2025-01-03 20:40:00, Kabir Mehta     , 241552,   171305,          642,  3624,        2129111,            1, 0.724187752533616  , 0.01500298072464728   , 37.974307809498576, Rejected
2025-01-03 20:50:00, Aarav Mehta     , 177221,    87129,          569, 26237,        1887266,           14, 0.6396871702563466 , 0.14804678903741655   , 37.84844911156127 , Rejected
2025-01-03 21:00:00, Vihaan Das      , 283013,   190026,          658, 62652,        3684843,            9, 0.8928141110125684 , 0.22137498984145604   , 48.78807687279383 , Rejected
2025-01-03 21:10:00, Kriti Iyer      , 254864,   186712,          723, 69979,        6681321,           18, 1.0071685290978718 , 0.2745738903885994    , 44.29346631929185 , Rejected
2025-01-03 21:20:00, Kabir Patel     ,  83610,    54574,          879, 10725,        2364455,           18, 0.7809950962803492 , 0.1282741298887693    , 74.00466451381413 , Approved
2025-01-03 21:30:00, Aarav Agarwal   , 292895,   152879,          658,  1925,        3259407,            7, 0.5285307021287492 , 0.006572321138974718  , 64.01263251335803 , Borderline
2025-01-03 21:40:00, Kriti Reddy     , 219886,    96863,          717, 47030,        6145533,           16, 0.6543981881520424 , 0.21388355784360988   , 56.09038319856653 , Borderline
2025-01-03 21:50:00, Ananya Sharma   , 133499,    84386,          707, 35311,        3334991,           20, 0.8966134577787099 , 0.2645038539614529    , 47.811519187409644, Rejected
2025-01-03 22:00:00, Vihaan Singh    , 270819,   120404,          727, 25170,        4728487,           20, 0.5375324478710873 , 0.09294030330220553   , 62.015220497823265, Borderline
2025-01-03 22:10:00, Kabir Iyer      , 262998,   107311,          587, 63855,        6372877,           14, 0.6508262420246542 , 0.24279652316747655   , 35.61928227591085 , Rejected
2025-01-03 22:20:00, Arjun Sharma    , 101257,    44122,          771,  7040,         516036,           13, 0.5052687715417206 , 0.069526057457756     , 83.45141570459327 , Approved
2025-01-03 22:30:00, Vihaan Mehta    ,  86197,    48339,          697, 20544,        2316817,           12, 0.7991345406452661 , 0.2383377611749829    , 51.25920855714236 , Borderline
2025-01-03 22:40:00, Rohan Singh     ,  26968,     8269,          534,  2394,         606566,           20, 0.395394541679027  , 0.08877187778107387   , 46.36272619400771 , Rejected
2025-01-03 22:50:00, Rohan Sharma    , 129814,    39073,          634, 27990,        2956491,           18, 0.5166083781410326 , 0.2156161893170228    , 40.18942486942857 , Rejected
2025-01-03 23:00:00, Kriti Agarwal   , 270144,   127674,          765, 33568,        1696605,           15, 0.5968742596541105 , 0.12425965411040038   , 79.60857912816867 , Approved
2025-01-03 23:10:00, Vihaan Verma    ,  49345,    27614,          747,  8996,         474921,           15, 0.741919140743743  , 0.1823082379167089    , 54.096261019353534, Borderline
2025-01-03 23:20:00, Kriti Singh     ,  23453,    18291,          552,  4336,         341979,           19, 0.9647806250799471 , 0.18488039909606446   , 27.358973265680298, Rejected
2025-01-03 23:30:00, Vihaan Das      , 254473,    98187,          833, 38179,        3593888,            1, 0.5358761047340975 , 0.1500316340043934    , 80.92308417788921 , Approved
2025-01-03 23:40:00, Aarav Sharma    ,  90463,    69345,          720, 11916,         550532,           17, 0.8982788543382377 , 0.13172236162851111   , 50.417187137282646, Borderline
2025-01-03 23:50:00, Vihaan Mehta    , 181081,   100301,          751, 22776,         631854,           17, 0.6796792595578774 , 0.12577796676625377   , 77.09406287793861 , Approved
2025-01-04 00:00:00, Meera Singh     ,  60142,    44674,          770,  4003,        1367962,            9, 0.8093678294702538 , 0.06655914336071297   , 74.38778224867812 , Approved
2025-01-04 00:10:00, Kabir Reddy     , 269664,   143603,          748, 70719,        2290198,           12, 0.7947742375697164 , 0.26224857600569595   , 50.91180135279458 , Borderline
2025-01-04 00:20:00, Vihaan Agarwal  , 253192,   143253,          691, 38781,        4070643,           11, 0.7189563651300199 , 0.15316834655123385   , 55.36794211507472 , Borderline
2025-01-04 00:30:00, Ananya Iyer     ,  43185,    32427,          817,  2636,         207645,            6, 0.8119254370730578 , 0.06103971286326271   , 74.42144263054303 , Approved
2025-01-04 00:40:00, Meera Reddy     , 227139,   164440,          717, 37177,        3829777,           15, 0.887637085661203  , 0.16367510643262495   , 50.09738530151141 , Borderline
2025-01-04 00:50:00, Isha Das        ,  99698,    33399,          748, 21810,        1936837,            4, 0.5537623623342495 , 0.21876065718469778   , 59.01191598627855 , Borderline
2025-01-04 01:00:00, Isha Das        , 129162,    98762,          745, 14694,        1689117,            2, 0.8784007680277481 , 0.11376411018720677   , 51.37269475542342 , Borderline
2025-01-04 01:10:00, Kabir Iyer      , 172711,    88606,          744, 28395,        2947999,            7, 0.677438032319887  , 0.16440759418913678   , 56.38870714662065 , Borderline
2025-01-04 01:20:00, Arjun Verma     ,  83972,    33892,          846, 17967,        1038565,            6, 0.6175749059210213 , 0.21396417853570238   , 77.19346925165532 , Approved
2025-01-04 01:30:00, Arjun Sharma    , 244655,   166208,          631, 43829,        5054959,            4, 0.8585027896425579 , 0.1791461445709264    , 30.661993419304736, Rejected
2025-01-04 01:40:00, Arjun Patel     , 107796,    66423,          864,  5060,        1111964,            8, 0.6631322126980593 , 0.04694051727336821   , 79.16722327359086 , Approved
2025-01-04 01:50:00, Kabir Iyer      , 215623,   129349,          702, 55728,        5703933,           10, 0.8583360773201375 , 0.2584510928797021    , 49.08089582280183 , Rejected
2025-01-04 02:00:00, Shivansh Das    ,  69522,    49424,          667, 13755,        1508188,           15, 0.9087626938235379 , 0.19785103995857425   , 48.780098386122376, Rejected
2025-01-04 02:10:00, Vihaan Agarwal  , 294370,   181975,          788, 28657,        3025187,           14, 0.7155348710806129 , 0.09735027346536672   , 76.58694839827427 , Approved
2025-01-04 02:20:00, Isha Mehta      , 148585,    93754,          777, 36326,        1198858,           20, 0.8754584917723862 , 0.244479590806609     , 68.84665343069624 , Borderline
2025-01-04 02:30:00, Arjun Patel     , 173939,    84216,          780, 22560,         668104,            6, 0.6138703798458081 , 0.12970064217915475   , 78.98987576104265 , Approved
2025-01-04 02:40:00, Ananya Singh    , 170331,    54418,          774, 34075,        4595392,            8, 0.5195354926584121 , 0.20005166411281564   , 80.41290193799132 , Approved
2025-01-04 02:50:00, Rohan Reddy     , 122476,    87289,          695, 31042,        1190863,            6, 0.966156634769261  , 0.25345373787517556   , 45.94622619941866 , Rejected
2025-01-04 03:00:00, Isha Das        ,  43386,    18254,          638,   525,         156428,           19, 0.43283547688194346, 0.012100677637947725  , 46.77292214078275 , Rejected
2025-01-04 03:10:00, Kriti Patel     , 277438,   189261,          700, 51915,        6542590,           15, 0.8692969239974336 , 0.18712288871747923   , 50.178634505727416, Borderline
2025-01-04 03:20:00, Arjun Singh     , 274466,   168057,          850, 71177,        8164907,           19, 0.871634373656482  , 0.25932902436003      , 68.66438830310494 , Borderline
2025-01-04 03:30:00, Aarav Das       ,  53340,    26382,          860,  3662,        1019594,           11, 0.563254593175853  , 0.06865391826021747   , 81.72928383952005 , Approved
2025-01-04 03:40:00, Aarav Mehta     ,  88798,    36035,          770, 26523,        1688518,           11, 0.7044978490506543 , 0.29868915966575826   , 72.8912813351652  , Approved
2025-01-04 03:50:00, Aarav Mehta     , 198646,   151472,          790, 37642,         887659,            9, 0.9520151425148253 , 0.18949286670761054   , 67.64968839040303 , Borderline
2025-01-04 04:00:00, Kriti Das       ,  20917,     7908,          623,  3990,         460984,           18, 0.5688196204044557 , 0.19075393220825165   , 39.120332743701304, Rejected
2025-01-04 04:10:00, Shivansh Gupta  , 234127,    73160,          749, 12041,        3569648,            8, 0.36390933126038433, 0.05142935244546763   , 68.05413301327911 , Borderline
2025-01-04 04:20:00, Kriti Verma     , 263877,   149873,          631, 38670,        4871273,            6, 0.7145109274396784 , 0.1465455496310781    , 35.63376118418808 , Rejected
2025-01-04 04:30:00, Aarav Verma     , 281657,   188789,          694,  8019,        5362815,           20, 0.6987506080090322 , 0.028470799589571712  , 58.468065767937595, Borderline
2025-01-04 04:40:00, Kabir Reddy     , 118000,    71203,          746, 31186,        1026984,           13, 0.8677033898305084 , 0.26428813559322034   , 48.68313559322034 , Rejected
2025-01-04 04:50:00, Kabir Patel     , 125686,    55711,          783, 30264,        3761206,           20, 0.6840459557945993 , 0.24079054150820298   , 74.66281049599796 , Approved
2025-01-04 05:00:00, Ananya Das      , 233456,   142715,          815, 68172,        1093657,           20, 0.9033265369063121 , 0.2920121993009389    , 67.05995990679186 , Borderline
2025-01-04 05:10:00, Rohan Patel     ,  25750,    12823,          710,  5170,         697338,           19, 0.6987572815533981 , 0.2007766990291262    , 55.02174757281553 , Borderline
2025-01-04 05:20:00, Aarav Gupta     , 137305,    56938,          680, 19323,        1032843,            5, 0.5554131313499144 , 0.1407304905138196    , 60.52299624922617 , Borderline
2025-01-04 05:30:00, Isha Singh      ,  85149,    32612,          697,  2923,         275462,            8, 0.417327273367861  , 0.03432806022384291   , 66.79362059448731 , Borderline
2025-01-04 05:40:00, Kabir Reddy     , 193115,   137750,          611, 21180,        5665043,            4, 0.8229811252362582 , 0.10967558190715376   , 33.11705460476918 , Rejected
2025-01-04 05:50:00, Aarav Agarwal   , 169886,   134781,          639, 13830,         961850,           11, 0.8747689627161743 , 0.08140753210976773   , 32.12878047631942 , Rejected
2025-01-04 06:00:00, Ananya Agarwal  , 185129,   102330,          605,  8001,        2993818,           17, 0.5959682167569641 , 0.043218512496691494  , 41.25658324735725 , Rejected
2025-01-04 06:10:00, Shivansh Mehta  , 272084,   138573,          782, 37419,        6142340,           16, 0.6468296555475515 , 0.13752738124990813   , 77.8445627085753  , Approved
2025-01-04 06:20:00, Aarav Singh     ,  93616,    68442,          817,  8815,        2781816,            9, 0.825254230046146  , 0.09416125448641258   , 73.35914800888736 , Approved
2025-01-04 06:30:00, Kabir Verma     , 256500,   139714,          730, 57069,        4180787,           12, 0.7671851851851852 , 0.22249122807017543   , 52.53461988304093 , Borderline
2025-01-04 06:40:00, Kriti Singh     ,  26587,    12780,          583,  6857,         405657,            8, 0.7385940497235491 , 0.25790800015044946   , 32.68401850528454 , Rejected
2025-01-04 06:50:00, Shivansh Sharma ,  91045,    53157,          646, 15823,        1476737,            4, 0.7576473172606952 , 0.17379317919710033   , 33.794716898237134, Rejected
2025-01-04 07:00:00, Rohan Reddy     , 129388,    81622,          616,  5481,        1361596,            3, 0.6731922589420967 , 0.04236096083098896   , 38.957013015117326, Rejected
2025-01-04 07:10:00, Kriti Gupta     , 290741,   175004,          743, 50293,        5258539,            6, 0.7749061879817432 , 0.17298213874204188   , 53.293171585706865, Borderline
2025-01-04 07:20:00, Vihaan Das      , 296223,   101755,          752, 49479,        2289307,            9, 0.5105410450910294 , 0.16703294477471364   , 81.34310975177486 , Approved
2025-01-04 07:30:00, Ananya Das      , 171014,   101662,          757, 38564,        3391874,           10, 0.8199679558398728 , 0.22550200568374518   , 70.89092121112891 , Approved
2025-01-04 07:40:00, Aarav Sharma    ,  61235,    29898,          750,  4262,         513556,            8, 0.5578509022617784 , 0.06960071854331673   , 81.87245856128031 , Approved
2025-01-04 07:50:00, Aarav Mehta     , 111911,    85305,          586, 26382,        2118317,            5, 0.9979984094503668 , 0.23574090125188765   , 25.345229691451244, Rejected
2025-01-04 08:00:00, Shivansh Iyer   , 102806,    55888,          677, 13261,        2605508,           13, 0.6726163842577282 , 0.12899052584479506   , 57.24169795537225 , Borderline
2025-01-04 08:10:00, Ananya Patel    , 201871,    94920,          831, 30921,        3958384,            9, 0.6233733423820162 , 0.15317207523616566   , 78.23535822381619 , Approved
2025-01-04 08:20:00, Isha Das        , 255998,    92594,          777, 48101,        7184930,           15, 0.5495941374541988 , 0.18789599918749364   , 79.75425589262416 , Approved
2025-01-04 08:30:00, Shivansh Singh  , 295553,   120511,          683, 29792,        4602773,           13, 0.5085483821852596 , 0.10080087158648364   , 62.72753110271254 , Borderline
2025-01-04 08:40:00, Meera Iyer      , 244135,   107547,          817, 12706,        3316946,           11, 0.4925676367583509 , 0.05204497511622668   , 84.18207139492493 , Approved
2025-01-04 08:50:00, Rohan Sharma    , 276505,   176602,          681, 46932,        7766170,            6, 0.8084266107303666 , 0.1697329162221298    , 52.35254335364641 , Borderline
2025-01-04 09:00:00, Kriti Gupta     , 262277,    81195,          842, 65059,        2446910,           11, 0.5576318167433667 , 0.2480545377596968    , 78.30995474250506 , Approved
2025-01-04 09:10:00, Kabir Sharma    , 244404,   190817,          731, 48968,        6891346,           17, 0.9811009639776763 , 0.20035678630464313   , 46.55983535457685 , Rejected
2025-01-04 09:20:00, Kriti Singh     , 231127,   106035,          648, 58806,        2450785,           13, 0.7132052940591104 , 0.25443154629273085   , 33.51521025237207 , Rejected
2025-01-04 09:30:00, Isha Das        , 246256,   160835,          796, 46002,        7321914,            3, 0.8399267429016958 , 0.18680560067571958   , 71.06608569943474 , Approved
2025-01-04 09:40:00, Kabir Reddy     , 230938,   167376,          721,  6165,        6833648,           16, 0.7514614312066442 , 0.02669547670803419   , 56.92224752963999 , Borderline
2025-01-04 09:50:00, Aarav Verma     ,  40389,    13364,          738,  1119,         298691,           12, 0.35858773428408725, 0.027705563395974152  , 68.6882567035579  , Borderline
2025-01-04 10:00:00, Kabir Mehta     , 272557,   142926,          614, 74672,        2121637,            5, 0.7983577747040068 , 0.2739683809258247    , 30.569899140363304, Rejected
2025-01-04 10:10:00, Vihaan Das      ,  39738,    13026,          788,    81,         347154,           12, 0.32983542201419297, 0.0020383512003623737 , 90.06417031556697 , Approved
2025-01-04 10:20:00, Arjun Gupta     , 249334,   185078,          698, 66988,        5400202,            1, 1.0109571899540375 , 0.2686677308349443    , 44.29792968467999 , Rejected
2025-01-04 10:30:00, Kriti Iyer      , 286909,   220951,          767, 51970,        7547043,           20, 0.9512458654137723 , 0.18113757323750737   , 67.8398725728367  , Borderline
2025-01-04 10:40:00, Kriti Patel     , 288733,   156755,          745, 10127,        1934919,           15, 0.5779803486265858 , 0.03507392643030066   , 61.95911101259641 , Borderline
2025-01-04 10:50:00, Meera Patel     ,  45464,    22507,          730,  4843,         191936,           12, 0.6015748724265353 , 0.10652384304064755   , 59.82227696639099 , Borderline
2025-01-04 11:00:00, Rohan Verma     , 176177,    62177,          871, 46141,        2482887,           10, 0.6148248636314615 , 0.2619013832679635    , 76.31722642569689 , Approved
2025-01-04 11:10:00, Meera Verma     ,  75798,    32363,          737, 17736,         429464,            5, 0.6609541148842978 , 0.23399034275310696   , 55.491569698408924, Borderline
